intent,keywords,response,reply
CheckIn,check-in|checkin|checking in|arrival|when can I check in|what time is check-in|early check-in |hotel| room|reception|keys|late check-in|accommodation,"Check-in usually starts around midday, but timings can vary by hotel. Please confirm with the property.|You can check in at the hotel during their standard hours. It's best to verify your specific booking details.|Most hotels have a fixed check-in time. Contact the front desk if you plan to arrive early.|Your check-in time will be mentioned in your booking confirmation. Reach out if you need flexibility.|If you arrive earlier than expected, the hotel may assist based on availability.","the front desk is located in the main lobby.| most rooms are ready by 3 PM, but you can request an early arrival.| In terms of costs, early check-in might incur a small fee depending on availability.| For check-in, you'll just need your passport and the credit card used for the booking.| Quick tip for your check-in: you can leave your luggage with the concierge if you arrive early."
Flight,flight|departure|boarding|flight status|when does my flight leave|flight schedule|gate|terminal|delay|cancel|airline|plane|areoplane,"You can check your flight details directly on the airline's website or mobile app.|For accurate flight updates, please refer to your airline's official platform.|Flight schedules and updates are best checked through the airline you booked with.|We recommend checking your flight status online for real-time updates.|Please use your airline's app or website to view the latest flight information.","you can find your gate number on the departure screens.| Regarding the flight status, boarding usually begins 45 minutes before departure| In terms of costs, extra baggage fees are typically handled at the check-in counter.| For your flight, please ensure you have your boarding pass downloaded on your phone."
Taxi,cab|taxi|ride|transportation|car| Shuttle|driver|fare|meter|pickup,"Taxis are generally available at most locations, especially near airports and hotels.|You can easily book a taxi through local services or ride-hailing apps.|Most hotels can help arrange a taxi for your convenience.|Transport options like taxis are widely available throughout the day.|If you need a ride, you can request a taxi from nearby stands or apps.","the pickup point is right outside the main exit.| Regarding that cab, it should arrive at your location in about 10 minutes.| In terms of the fare, it usually costs around $20 to $30 for that distance.| For the taxi ride, make sure to confirm the driver's name before getting in.| most local drivers prefer cash, though apps accept cards."
Visa,visa|visa requirements|passport|travel documents|do I need a visa|entry|permit|stay|embassy|border,"Visa requirements depend on your destination and nationality. Please check official guidelines.|We recommend visiting the embassy website for the latest visa requirements.|Each country has different visa rules, so it's best to confirm in advance.|Make sure to review visa requirements before planning your travel.|For accurate visa information, consult official immigration sources.","Since you asked about a visa, you can apply at the nearest consulate or online.| Regarding the visa process, approval typically takes 5 to 10 business days.| In terms of the visa fee, it varies by nationality but is usually around $50-$100. | For your visa application, you will need a valid passport with at least 6 months left.| Visa tip: double-check if your destination offers a 'Visa on Arrival' to save time."
Airport,terminal|gate|airport|where is my terminal|terminal number|how early should I arrive,"Airports provide facilities like check-in counters, security, and boarding gates.|You should arrive at the airport early to complete check-in and security procedures.|Airport services may include lounges, shops, and dining options for travelers.|Make sure to carry all required documents when heading to the airport.|For a smooth experience, follow airport guidelines and announcements.","he shuttle pickup for Terminal 1 is located just outside the arrivals hall. | Security wait times are currently estimated at 20 minutes, so plan accordingly.| long-term parking starts at roughly $15 per day in the economy lot.| please have your digital boarding pass and ID ready before reaching the checkpoint.| most terminals offer free high-speed Wi-Fi, but you may need to watch a short ad to connect."
Weather,weather|forecast|rain|temperature|forecast|climate|sunny|snow,Weather conditions can vary depending on your travel destination and time of year.|We recommend checking the weather forecast before your trip for better planning.|Make sure to pack appropriate clothing based on expected weather conditions.|Weather updates can help you plan activities and avoid disruptions.|You can check reliable weather apps or websites for the latest updates.,"it looks like it will stay clear in the city center.| Regarding the forecast, the rain is expected to clear up in the next hour.| In terms of 'cost,' you might want to buy an umbrella locally for a few dollars.| For the current weather conditions, I recommend wearing light layers today.| keep an eye on the evening temperature as it tends to drop quickly."
Water,water|drink|drinking water|safe to drink|tap water,"Drinking water availability may vary depending on your destination.|We recommend using bottled or filtered water for safety while traveling.|Many hotels provide safe drinking water for guests.|It𠏋 best to avoid tap water in areas where it may not be safe to drink.|Always stay hydrated, especially during travel and outdoor activities."," you can find free refill stations near the restrooms in most public areas. | if you're boiling it for safety, ensure it stays at a rolling boil for at least one full minute.| standard bottle of mineral water at local convenience stores is usually around $1.50.| Remember that you must empty your reusable bottle before going through security.| tap water is perfectly safe to drink, so there𠏋 no need to rely on plastic bottles."
Packing,pack|luggage|suitcase|bag|essentials|carry-on|toiletries,"Pack your essentials based on your destination, weather, and travel duration.|We recommend carrying important documents, medications, and valuables in your hand luggage.|Make a checklist to ensure you don㦙 forget anything important.|Pack appropriate clothing and accessories according to planned activities.|Avoid overpacking and leave some space for items you may bring back.",The nearest store for travel-sized toiletries is just two blocks from your hotel. | Using vacuum seal bags can save you about 30 minutes of frustration when trying to close your suitcase.| remember that airlines often charge significantly more for overweight bags at the gate than they do online.| ensure all liquids in your carry-on are in containers of 100ml or less to meet safety requirements.
Cancellation,refund|cancellation|cancel|money back|reimbursement|return|policy|refund status|claim refund,Cancellation policies vary based on your booking type.|Please refer to your confirmation email for cancellation terms.|Refunds depend on the policy selected during booking.|You may cancel your booking within the allowed timeframe.|Contact support if you need help with cancellations.,you can process it through the 'My Bookings' section.| it usually takes 3-5 business days for the credit to appear.| cancellations made within 24 hours are often non-refundable.| please have your original booking ID ready.| always check if your travel insurance covers 'cancel for any reason
Shopping,mall|market|souvenirs|shopping|duty free|store|shop|boutique|gift,You can explore local markets and shopping centers for souvenirs and essentials.|Many destinations offer a mix of traditional shops and modern malls.|We recommend comparing prices and checking product quality before purchasing.|Shopping hours and availability may vary depending on the location.|Please keep your belongings secure while shopping in crowded areas.,"The main high-street district is located downtown, accessible by the blue metro line.| Most local boutiques open at 10 AM and close earlier on Sundays, so check the hours before you head out.| Don㦙 forget to ask for a ""Tax-Free"" form if you𠆫e an international visitor spending over a certain amount.| Most major malls accept credit cards, but smaller local markets will definitely require cash."
PublicTransport,bus|train|metro|subway|underground|tram|public transit|ticket|station|line|schedule,"Public transport options like buses, trains, and metros are available in most cities.|We recommend checking routes and schedules in advance for smooth travel.|You can use travel cards or mobile apps for convenient access to public transport.|Fares and availability may vary depending on the location and time of day.|Always follow local guidelines and safety rules while using public transport.","the nearest station is just a 5-minute walk away.| the next bus is arriving in approximately 8 minutes.| a single fare is usually around $2.50, or you can buy a day pass.| you'll need to tap your card or phone at the turnstile.| download the local transport app for real-time map tracking."
